listing_source,avg_property_condition_score
Kaggle,75.22535211267606
Realtor.com,77.00400801603206
Zillow,77.19516728624535
