blockchain_feature,importance_proxy
wallet_age_days,0.011379003140051771
monthly_transactions,0.011435294806611476
transaction_graph_density,0.015084450856029245
average_gas_fee_usd,0.026683741273889335
token_holders,0.037543067407730626
token_holder_concentration,0.08823454466909879
